comment, section id, list of segment ids
section, T49, 311410212
section, T4, 1392782126
section, T47, 1984112243
section, T6, 996893139
section, T7, 555127866, 1281824505, 1535851477, 372522347, 1262000604, 1828475070
section, T48, 359487224
section, T5, 1103977671
section, T45, 2031923475
section, T1, 1476798374
section, T50, 525001902, 783901243, 1067267415, 1697694153, 335425142, 1301071601
section, T52, 1713885354
section, T51, 629657230
section, T46, 1683894436, 856485595, 1847027280, 1535644862, 2112520064, 367737667
section, T3, 170708955, 1073096446, 469720604, 758136925, 1909195736, 1097108002, 203516388, 573053463
section, T44, 1966424552
section, T2, 103536948
comment, segment id, point role, crossover role, from node, to node, length
segment, 1713885354, Normal, none, A1, N19, 200
segment, 359487224, None, none, N, N10, 160
segment, 1103977671, None, none, N1, N11, 180
segment, 311410212, None, none, N2, N, 160
segment, 1683894436, None, none, 4, 6A, 20
segment, 1392782126, None, none, N3, N1, 160
segment, 555127866, None, none, 5, N15, 50
segment, 525001902, Normal, none, 2, N20, 25
segment, 335425142, Reverse, none, 2, N4, 100
segment, 1984112243, None, none, N4, N5, 360
segment, 856485595, Reverse, none, N5, 4, 100
segment, 170708955, Normal, none, 3, N16, 50
segment, 1097108002, Reverse, none, 3, N17, 100
segment, 996893139, None, none, N6, N7, 350
segment, 1281824505, Reverse, none, N7, 5, 100
segment, 783901243, None, none, 1B, 2, 20
segment, 469720604, Normal, none, 1A, N12, 50
segment, 1909195736, Reverse, none, 1A, N8, 50
segment, 1067267415, Reverse, none, N8, 1B, 50
segment, 2112520064, Normal, none, 6A, N14, 20
segment, 372522347, None, none, 6B, B2, 100
segment, 367737667, Reverse, none, 6A, N9, 50
segment, 1262000604, Reverse, none, N9, 6B, 50
segment, 1535644862, Normal, none, N10, N21, 10
segment, 1535851477, Normal, none, N11, 5, 60
segment, 1073096446, None, none, N12, 3, 50
segment, 758136925, None, none, N13, 1A, 10
segment, 2031923475, None, none, N14, N22, 500
segment, 1828475070, Normal, none, N15, 6B, 50
segment, 1476798374, None, none, A2, N23, 500
segment, 573053463, None, none, N16, N3, 2
segment, 203516388, None, none, N17, N6, 5
segment, 1697694153, Normal, none, N18, 1B, 10
segment, 629657230, None, none, N19, N18, 200
segment, 1301071601, None, none, N20, N2, 25
segment, 1847027280, Normal, none, N21, 4, 50
segment, 1966424552, None, none, N22, B1, 1000
segment, 103536948, None, none, N23, N13, 300
comment, node id, node type, graphical x, graphical y
node, A1, Boundary, -194, 247
node, B1, Boundary, 1421, 247
node, A2, Boundary, -194, 361
node, B2, Boundary, 1421, 361
node, N, Normal, 680, 247
node, N1, Normal, 699, 361
node, N2, Normal, 395, 247
node, 4, Point, 1136, 247
node, N3, Normal, 414, 361
node, 5, Point, 1136, 361
node, 2, Point, 262, 247
node, N4, Normal, 433, 133
node, N5, Normal, 984, 133
node, 3, Point, 262, 361
node, N6, Normal, 433, 475
node, N7, Normal, 984, 475
node, 1B, Point, 186, 247
node, 1A, Point, 15, 361
node, N8, Normal, 105, 300
node, 6A, Point, 1193, 247
node, 6B, Point, 1364, 361
node, N9, Normal, 1285, 305
node, N10, Normal, 984, 247
node, N11, Normal, 984, 361
node, N12, Silent, 148, 361
node, N13, Normal, -4, 361
node, N14, Normal, 1250, 247
node, N15, Silent, 1250, 361
node, N16, Silent, 395, 361
node, N17, Silent, 412, 460
node, N18, Normal, 129, 247
node, N19, Normal, -42, 247
node, N20, Silent, 338, 247
node, N21, Silent, 1022, 247
node, N22, Normal, 1334, 247
node, N23, Normal, -102, 361
